{"auroc": 0.820645547451728, "fpr": [0.0, 0.0, 0.0, 0.0, 0.0, 0.006329113924050633, 0.006329113924050633, 0.012658227848101266, 0.012658227848101266, 0.012658227848101266, 0.012658227848101266, 0.0189873417721519, 0.0189873417721519, 0.02531645569620253, 0.02531645569620253, 0.03164556962025317, 0.03164556962025317, 0.0379746835443038, 0.0379746835443038, 0.04430379746835443, 0.04430379746835443, 0.05063291139240506, 0.05063291139240506, 0.056962025316455694, 0.056962025316455694, 0.06329113924050633, 0.06329113924050633, 0.06962025316455696, 0.06962025316455696, 0.0759493670886076, 0.0759493670886076, 0.08860759493670886, 0.08860759493670886, 0.0949367088607595, 0.0949367088607595, 0.10126582278481013, 0.10126582278481013, 0.10759493670886076, 0.10759493670886076, 0.11392405063291139, 0.11392405063291139, 0.12025316455696203, 0.12025316455696203, 0.13291139240506328, 0.13291139240506328, 0.13924050632911392, 0.13924050632911392, 0.14556962025316456, 0.14556962025316456, 0.1518987341772152, 0.1518987341772152, 0.17088607594936708, 0.17088607594936708, 0.17721518987341772, 0.17721518987341772, 0.18354430379746836, 0.18354430379746836, 0.1962025316455696, 0.1962025316455696, 0.20253164556962025, 0.20253164556962025, 0.20253164556962025, 0.20253164556962025, 0.21518987341772153, 0.21518987341772153, 0.22151898734177214, 0.22151898734177214, 0.22784810126582278, 0.22784810126582278, 0.2468354430379747, 0.2468354430379747, 0.25316455696202533, 0.25316455696202533, 0.26582278481012656, 0.26582278481012656, 0.2721518987341772, 0.2721518987341772, 0.27848101265822783, 0.27848101265822783, 0.2848101265822785, 0.2848101265822785, 0.3037974683544304, 0.3037974683544304, 0.310126582278481, 0.310126582278481, 0.31645569620253167, 0.31645569620253167, 0.3291139240506329, 0.3291139240506329, 0.33544303797468356, 0.33544303797468356, 0.34810126582278483, 0.34810126582278483, 0.35443037974683544, 0.35443037974683544, 0.37341772151898733, 0.37341772151898733, 0.379746835443038, 0.379746835443038, 0.3924050632911392, 0.3924050632911392, 0.3987341772151899, 0.3987341772151899, 0.4050632911392405, 0.4050632911392405, 0.41139240506329117, 0.41139240506329117, 0.4240506329113924, 0.4240506329113924, 0.43037974683544306, 0.43037974683544306, 0.4620253164556962, 0.4620253164556962, 0.46835443037974683, 0.46835443037974683, 0.4810126582278481, 0.4810126582278481, 0.4936708860759494, 0.4936708860759494, 0.5, 0.5, 0.5063291139240507, 0.5063291139240507, 0.5126582278481012, 0.5126582278481012, 0.5189873417721519, 0.5189873417721519, 0.5253164556962026, 0.5253164556962026, 0.5379746835443038, 0.5379746835443038, 0.5506329113924051, 0.5506329113924051, 0.5569620253164557, 0.5569620253164557, 0.5632911392405063, 0.5632911392405063, 0.569620253164557, 0.569620253164557, 0.5822784810126582, 0.5822784810126582, 0.5886075949367089, 0.5886075949367089, 0.5949367088607594, 0.5949367088607594, 0.6012658227848101, 0.6012658227848101, 0.6075949367088608, 0.6075949367088608, 0.6139240506329114, 0.6139240506329114, 0.6265822784810127, 0.6265822784810127, 0.6329113924050633, 0.6329113924050633, 0.6392405063291139, 0.6392405063291139, 0.6708860759493671, 0.6708860759493671, 0.7088607594936709, 0.7088607594936709, 0.7215189873417721, 0.7215189873417721, 0.7278481012658228, 0.7278481012658228, 0.7341772151898734, 0.7341772151898734, 0.7531645569620253, 0.7531645569620253, 0.7658227848101266, 0.7658227848101266, 0.7911392405063291, 0.7911392405063291, 0.7974683544303798, 0.7974683544303798, 0.8291139240506329, 0.8417721518987342, 0.8417721518987342, 0.8734177215189873, 0.8734177215189873, 0.8987341772151899, 0.8987341772151899, 0.9113924050632911, 0.9113924050632911, 0.9177215189873418, 0.9177215189873418, 0.9240506329113924, 0.9240506329113924, 0.930379746835443, 0.930379746835443, 0.9493670886075949, 0.9493670886075949, 1.0], "tpr": [0.0, 0.0017513134851138354, 0.2714535901926445, 0.27495621716287216, 0.29772329246935203, 0.29772329246935203, 0.30998248686514884, 0.30998248686514884, 0.3239929947460595, 0.3274956217162872, 0.3432574430823117, 0.3432574430823117, 0.37478108581436076, 0.37478108581436076, 0.38704028021015763, 0.38704028021015763, 0.4203152364273205, 0.4203152364273205, 0.46234676007005254, 0.46234676007005254, 0.4658493870402802, 0.4658493870402802, 0.4938704028021016, 0.4938704028021016, 0.5131348511383538, 0.5131348511383538, 0.532399299474606, 0.532399299474606, 0.5359019264448336, 0.5359019264448336, 0.5376532399299475, 0.5376532399299475, 0.5411558669001751, 0.5411558669001751, 0.5604203152364273, 0.5604203152364273, 0.5621716287215411, 0.5621716287215411, 0.5674255691768827, 0.5674255691768827, 0.574430823117338, 0.574430823117338, 0.5971978984238179, 0.5971978984238179, 0.6514886164623468, 0.6514886164623468, 0.6532399299474606, 0.6532399299474606, 0.658493870402802, 0.658493870402802, 0.6637478108581436, 0.6637478108581436, 0.6690017513134852, 0.6690017513134852, 0.6795096322241682, 0.6795096322241682, 0.681260945709282, 0.681260945709282, 0.6847635726795096, 0.6847635726795096, 0.6882661996497373, 0.691768826619965, 0.6952714535901926, 0.6952714535901926, 0.7040280210157618, 0.7040280210157618, 0.7110332749562172, 0.7110332749562172, 0.7145359019264448, 0.7145359019264448, 0.723292469352014, 0.723292469352014, 0.7338003502626971, 0.7338003502626971, 0.7408056042031523, 0.7408056042031523, 0.7443082311733801, 0.7443082311733801, 0.7548161120840631, 0.7548161120840631, 0.7600700525394045, 0.7600700525394045, 0.7688266199649737, 0.7688266199649737, 0.7705779334500875, 0.7705779334500875, 0.7740805604203153, 0.7740805604203153, 0.7793345008756567, 0.7793345008756567, 0.7810858143607706, 0.7810858143607706, 0.7863397548161121, 0.7863397548161121, 0.7880910683012259, 0.7880910683012259, 0.7933450087565674, 0.7933450087565674, 0.7968476357267951, 0.7968476357267951, 0.7985989492119089, 0.7985989492119089, 0.8003502626970228, 0.8003502626970228, 0.8038528896672504, 0.8038528896672504, 0.8073555166374781, 0.8073555166374781, 0.809106830122592, 0.809106830122592, 0.8213660245183888, 0.8213660245183888, 0.830122591943958, 0.830122591943958, 0.8371278458844134, 0.8371278458844134, 0.8423817863397548, 0.8423817863397548, 0.8441330998248686, 0.8441330998248686, 0.8546409807355516, 0.8546409807355516, 0.8563922942206655, 0.8563922942206655, 0.8633975481611208, 0.8633975481611208, 0.8756567425569177, 0.8756567425569177, 0.8879159369527145, 0.8879159369527145, 0.8914185639229422, 0.8914185639229422, 0.8931698774080561, 0.8931698774080561, 0.8966725043782837, 0.8966725043782837, 0.9019264448336253, 0.9019264448336253, 0.9071803852889667, 0.9071803852889667, 0.9141856392294221, 0.9141856392294221, 0.9159369527145359, 0.9159369527145359, 0.9194395796847635, 0.9194395796847635, 0.9299474605954466, 0.9299474605954466, 0.9334500875656743, 0.9334500875656743, 0.9352014010507881, 0.9352014010507881, 0.9369527145359019, 0.9369527145359019, 0.9387040280210157, 0.9387040280210157, 0.9457092819614711, 0.9457092819614711, 0.9527145359019265, 0.9527145359019265, 0.9544658493870403, 0.9544658493870403, 0.957968476357268, 0.957968476357268, 0.9597197898423818, 0.9597197898423818, 0.9649737302977233, 0.9649737302977233, 0.9702276707530648, 0.9702276707530648, 0.9719789842381786, 0.9719789842381786, 0.9737302977232924, 0.9737302977232924, 0.9772329246935202, 0.9772329246935202, 0.9772329246935202, 0.9807355516637478, 0.9807355516637478, 0.989492119089317, 0.989492119089317, 0.9912434325744308, 0.9912434325744308, 0.9929947460595446, 0.9929947460595446, 0.9947460595446584, 0.9947460595446584, 0.9964973730297724, 0.9964973730297724, 0.9982486865148862, 0.9982486865148862, 1.0, 1.0], "tpr at fprRate 0.05": [0.4658493870402802, 0.05063291139240506], "tpr at fprRate 0.1": [0.5604203152364273, 0.10126582278481013], "tpr at fprRate 0.2": [0.6847635726795096, 0.20253164556962025]}