{"auroc": 0.8412068545079696, "fpr": [0.0, 0.0, 0.0, 0.006329113924050633, 0.006329113924050633, 0.012658227848101266, 0.012658227848101266, 0.0189873417721519, 0.0189873417721519, 0.02531645569620253, 0.02531645569620253, 0.02531645569620253, 0.02531645569620253, 0.02531645569620253, 0.02531645569620253, 0.03164556962025317, 0.03164556962025317, 0.0379746835443038, 0.0379746835443038, 0.04430379746835443, 0.04430379746835443, 0.05063291139240506, 0.05063291139240506, 0.056962025316455694, 0.056962025316455694, 0.06329113924050633, 0.06329113924050633, 0.06962025316455696, 0.06962025316455696, 0.08227848101265822, 0.08227848101265822, 0.0949367088607595, 0.0949367088607595, 0.10126582278481013, 0.10126582278481013, 0.10759493670886076, 0.10759493670886076, 0.12025316455696203, 0.12025316455696203, 0.13291139240506328, 0.13291139240506328, 0.13924050632911392, 0.13924050632911392, 0.14556962025316456, 0.14556962025316456, 0.1518987341772152, 0.1518987341772152, 0.15822784810126583, 0.15822784810126583, 0.16455696202531644, 0.16455696202531644, 0.17088607594936708, 0.17088607594936708, 0.17721518987341772, 0.17721518987341772, 0.18354430379746836, 0.18354430379746836, 0.1962025316455696, 0.1962025316455696, 0.20253164556962025, 0.20253164556962025, 0.22151898734177214, 0.22151898734177214, 0.22784810126582278, 0.22784810126582278, 0.23417721518987342, 0.23417721518987342, 0.24050632911392406, 0.24050632911392406, 0.2468354430379747, 0.2468354430379747, 0.25949367088607594, 0.25949367088607594, 0.26582278481012656, 0.26582278481012656, 0.2721518987341772, 0.2721518987341772, 0.27848101265822783, 0.27848101265822783, 0.2911392405063291, 0.2911392405063291, 0.310126582278481, 0.310126582278481, 0.3227848101265823, 0.3227848101265823, 0.3291139240506329, 0.3291139240506329, 0.34177215189873417, 0.34177215189873417, 0.35443037974683544, 0.35443037974683544, 0.36075949367088606, 0.36075949367088606, 0.3670886075949367, 0.3670886075949367, 0.37341772151898733, 0.37341772151898733, 0.3860759493670886, 0.3860759493670886, 0.3924050632911392, 0.3924050632911392, 0.3987341772151899, 0.3987341772151899, 0.4050632911392405, 0.4050632911392405, 0.41139240506329117, 0.41139240506329117, 0.4177215189873418, 0.4177215189873418, 0.4240506329113924, 0.4240506329113924, 0.4430379746835443, 0.4430379746835443, 0.45569620253164556, 0.45569620253164556, 0.46835443037974683, 0.46835443037974683, 0.47468354430379744, 0.47468354430379744, 0.4936708860759494, 0.4936708860759494, 0.5, 0.5, 0.5189873417721519, 0.5189873417721519, 0.5253164556962026, 0.5253164556962026, 0.5316455696202531, 0.5316455696202531, 0.5506329113924051, 0.5506329113924051, 0.569620253164557, 0.569620253164557, 0.5759493670886076, 0.5759493670886076, 0.5822784810126582, 0.5822784810126582, 0.5886075949367089, 0.5886075949367089, 0.6012658227848101, 0.6012658227848101, 0.6075949367088608, 0.6075949367088608, 0.620253164556962, 0.620253164556962, 0.6329113924050633, 0.6329113924050633, 0.6392405063291139, 0.6392405063291139, 0.6772151898734177, 0.6772151898734177, 0.6835443037974683, 0.6835443037974683, 0.7151898734177216, 0.7151898734177216, 0.7215189873417721, 0.7215189873417721, 0.7278481012658228, 0.740506329113924, 0.740506329113924, 0.7531645569620253, 0.7531645569620253, 0.759493670886076, 0.759493670886076, 0.7848101265822784, 0.7848101265822784, 0.7974683544303798, 0.7974683544303798, 0.8037974683544303, 0.8037974683544303, 0.8481012658227848, 0.8481012658227848, 0.8860759493670886, 0.8860759493670886, 0.9113924050632911, 0.9113924050632911, 0.9177215189873418, 0.9177215189873418, 0.930379746835443, 0.930379746835443, 0.9367088607594937, 0.9367088607594937, 0.9430379746835443, 0.9430379746835443, 0.9620253164556962, 0.9620253164556962, 0.9746835443037974, 0.9746835443037974, 1.0], "tpr": [0.0, 0.0017513134851138354, 0.3117338003502627, 0.3117338003502627, 0.36952714535901926, 0.36952714535901926, 0.425569176882662, 0.425569176882662, 0.47285464098073554, 0.47285464098073554, 0.4798598949211909, 0.48336252189141854, 0.4973730297723292, 0.500875656742557, 0.5061295971978984, 0.5061295971978984, 0.5394045534150613, 0.5394045534150613, 0.5411558669001751, 0.5411558669001751, 0.5551663747810858, 0.5551663747810858, 0.5569176882661997, 0.5569176882661997, 0.5586690017513135, 0.5586690017513135, 0.5674255691768827, 0.5674255691768827, 0.5761821366024519, 0.5761821366024519, 0.5849387040280211, 0.5849387040280211, 0.5901926444833625, 0.5901926444833625, 0.5936952714535902, 0.5936952714535902, 0.5954465849387041, 0.5954465849387041, 0.5971978984238179, 0.5971978984238179, 0.6287215411558669, 0.6287215411558669, 0.647985989492119, 0.647985989492119, 0.660245183887916, 0.660245183887916, 0.6725043782837128, 0.6725043782837128, 0.6760070052539404, 0.6760070052539404, 0.6952714535901926, 0.6952714535901926, 0.7075306479859895, 0.7075306479859895, 0.7145359019264448, 0.7145359019264448, 0.7197898423817863, 0.7197898423817863, 0.7215411558669002, 0.7215411558669002, 0.7338003502626971, 0.7338003502626971, 0.7443082311733801, 0.7443082311733801, 0.7478108581436077, 0.7478108581436077, 0.7495621716287215, 0.7495621716287215, 0.7530647985989493, 0.7530647985989493, 0.7583187390542907, 0.7583187390542907, 0.7653239929947461, 0.7653239929947461, 0.7688266199649737, 0.7688266199649737, 0.7740805604203153, 0.7740805604203153, 0.7793345008756567, 0.7793345008756567, 0.7828371278458844, 0.7828371278458844, 0.7950963222416813, 0.7950963222416813, 0.7968476357267951, 0.7968476357267951, 0.7985989492119089, 0.7985989492119089, 0.8161120840630472, 0.8161120840630472, 0.8178633975481612, 0.8178633975481612, 0.8231173380035026, 0.8231173380035026, 0.8283712784588442, 0.8283712784588442, 0.8318739054290718, 0.8318739054290718, 0.8336252189141856, 0.8336252189141856, 0.8353765323992994, 0.8353765323992994, 0.8388791593695272, 0.8388791593695272, 0.8441330998248686, 0.8441330998248686, 0.8493870402802102, 0.8493870402802102, 0.8528896672504378, 0.8528896672504378, 0.8598949211908932, 0.8598949211908932, 0.8704028021015762, 0.8704028021015762, 0.8756567425569177, 0.8756567425569177, 0.8791593695271454, 0.8791593695271454, 0.8844133099824869, 0.8844133099824869, 0.8896672504378283, 0.8896672504378283, 0.8966725043782837, 0.8966725043782837, 0.9019264448336253, 0.9019264448336253, 0.9036777583187391, 0.9036777583187391, 0.9054290718038529, 0.9054290718038529, 0.9089316987740805, 0.9089316987740805, 0.9124343257443083, 0.9124343257443083, 0.9194395796847635, 0.9194395796847635, 0.9246935201401051, 0.9246935201401051, 0.9264448336252189, 0.9264448336252189, 0.9299474605954466, 0.9299474605954466, 0.9334500875656743, 0.9334500875656743, 0.9387040280210157, 0.9387040280210157, 0.9422066549912435, 0.9422066549912435, 0.9509632224168126, 0.9509632224168126, 0.9527145359019265, 0.9527145359019265, 0.9562171628721541, 0.9562171628721541, 0.9614711033274956, 0.9614711033274956, 0.9649737302977233, 0.9649737302977233, 0.9649737302977233, 0.9667250437828371, 0.9667250437828371, 0.968476357267951, 0.968476357267951, 0.9737302977232924, 0.9737302977232924, 0.9754816112084063, 0.9754816112084063, 0.978984238178634, 0.978984238178634, 0.9807355516637478, 0.9807355516637478, 0.9824868651488616, 0.9824868651488616, 0.9842381786339754, 0.9842381786339754, 0.9877408056042032, 0.9877408056042032, 0.989492119089317, 0.989492119089317, 0.9929947460595446, 0.9929947460595446, 0.9947460595446584, 0.9947460595446584, 0.9964973730297724, 0.9964973730297724, 0.9982486865148862, 0.9982486865148862, 1.0, 1.0], "tpr at fprRate 0.05": [0.5551663747810858, 0.05063291139240506], "tpr at fprRate 0.1": [0.5901926444833625, 0.10126582278481013], "tpr at fprRate 0.2": [0.7215411558669002, 0.20253164556962025]}