{"auroc": 0.8310536699993349, "fpr": [0.0, 0.0, 0.0, 0.006329113924050633, 0.006329113924050633, 0.012658227848101266, 0.012658227848101266, 0.0189873417721519, 0.0189873417721519, 0.02531645569620253, 0.02531645569620253, 0.03164556962025317, 0.03164556962025317, 0.0379746835443038, 0.0379746835443038, 0.04430379746835443, 0.04430379746835443, 0.05063291139240506, 0.05063291139240506, 0.05063291139240506, 0.05063291139240506, 0.056962025316455694, 0.056962025316455694, 0.056962025316455694, 0.056962025316455694, 0.06329113924050633, 0.06329113924050633, 0.06962025316455696, 0.06962025316455696, 0.0759493670886076, 0.0759493670886076, 0.08227848101265822, 0.08227848101265822, 0.10126582278481013, 0.10126582278481013, 0.10759493670886076, 0.10759493670886076, 0.11392405063291139, 0.11392405063291139, 0.12025316455696203, 0.12025316455696203, 0.13291139240506328, 0.13291139240506328, 0.13924050632911392, 0.13924050632911392, 0.14556962025316456, 0.14556962025316456, 0.15822784810126583, 0.15822784810126583, 0.16455696202531644, 0.16455696202531644, 0.17088607594936708, 0.17088607594936708, 0.18354430379746836, 0.18354430379746836, 0.189873417721519, 0.189873417721519, 0.20253164556962025, 0.20253164556962025, 0.20253164556962025, 0.20253164556962025, 0.2088607594936709, 0.2088607594936709, 0.21518987341772153, 0.21518987341772153, 0.22151898734177214, 0.22151898734177214, 0.22784810126582278, 0.22784810126582278, 0.23417721518987342, 0.23417721518987342, 0.24050632911392406, 0.24050632911392406, 0.25316455696202533, 0.25316455696202533, 0.25949367088607594, 0.25949367088607594, 0.26582278481012656, 0.26582278481012656, 0.2721518987341772, 0.2721518987341772, 0.27848101265822783, 0.27848101265822783, 0.2848101265822785, 0.2848101265822785, 0.2911392405063291, 0.2911392405063291, 0.2974683544303797, 0.2974683544303797, 0.3037974683544304, 0.3037974683544304, 0.3227848101265823, 0.3227848101265823, 0.3291139240506329, 0.3291139240506329, 0.33544303797468356, 0.33544303797468356, 0.35443037974683544, 0.35443037974683544, 0.36075949367088606, 0.36075949367088606, 0.3670886075949367, 0.3670886075949367, 0.37341772151898733, 0.37341772151898733, 0.3860759493670886, 0.3860759493670886, 0.3924050632911392, 0.3924050632911392, 0.3987341772151899, 0.3987341772151899, 0.4050632911392405, 0.4050632911392405, 0.41139240506329117, 0.41139240506329117, 0.4177215189873418, 0.4177215189873418, 0.4240506329113924, 0.4240506329113924, 0.43037974683544306, 0.43037974683544306, 0.43670886075949367, 0.43670886075949367, 0.44936708860759494, 0.44936708860759494, 0.45569620253164556, 0.45569620253164556, 0.4620253164556962, 0.4620253164556962, 0.46835443037974683, 0.46835443037974683, 0.47468354430379744, 0.47468354430379744, 0.4810126582278481, 0.4810126582278481, 0.4873417721518987, 0.4873417721518987, 0.4936708860759494, 0.4936708860759494, 0.5126582278481012, 0.5126582278481012, 0.5189873417721519, 0.5189873417721519, 0.5253164556962026, 0.5253164556962026, 0.5316455696202531, 0.5316455696202531, 0.5506329113924051, 0.5506329113924051, 0.5632911392405063, 0.5632911392405063, 0.569620253164557, 0.569620253164557, 0.5759493670886076, 0.5759493670886076, 0.5886075949367089, 0.5886075949367089, 0.5949367088607594, 0.5949367088607594, 0.6075949367088608, 0.6075949367088608, 0.6139240506329114, 0.6139240506329114, 0.6329113924050633, 0.6329113924050633, 0.6392405063291139, 0.6392405063291139, 0.6455696202531646, 0.6455696202531646, 0.6518987341772152, 0.6518987341772152, 0.6708860759493671, 0.6708860759493671, 0.6772151898734177, 0.6772151898734177, 0.7088607594936709, 0.7088607594936709, 0.7278481012658228, 0.7278481012658228, 0.7341772151898734, 0.7341772151898734, 0.7658227848101266, 0.7658227848101266, 0.7721518987341772, 0.7721518987341772, 0.7784810126582279, 0.7784810126582279, 0.8291139240506329, 0.8291139240506329, 0.8417721518987342, 0.8417721518987342, 0.8544303797468354, 0.8544303797468354, 0.8607594936708861, 0.8607594936708861, 0.8860759493670886, 0.8860759493670886, 0.8924050632911392, 0.8924050632911392, 0.9050632911392406, 0.9050632911392406, 0.9113924050632911, 0.9113924050632911, 0.9240506329113924, 0.9240506329113924, 0.9367088607594937, 0.9367088607594937, 0.9683544303797469, 0.9683544303797469, 1.0],