{"auroc": 0.7473453191159192, "fpr": [0.0, 0.0, 0.0, 0.006329113924050633, 0.006329113924050633, 0.012658227848101266, 0.012658227848101266, 0.0189873417721519, 0.0189873417721519, 0.02531645569620253, 0.02531645569620253, 0.03164556962025317, 0.03164556962025317, 0.03164556962025317, 0.03164556962025317, 0.0379746835443038, 0.0379746835443038, 0.04430379746835443, 0.04430379746835443, 0.05063291139240506, 0.05063291139240506, 0.05063291139240506, 0.056962025316455694, 0.056962025316455694, 0.06329113924050633, 0.06329113924050633, 0.0759493670886076, 0.0759493670886076, 0.08227848101265822, 0.08227848101265822, 0.08860759493670886, 0.08860759493670886, 0.10126582278481013, 0.10126582278481013, 0.10759493670886076, 0.10759493670886076, 0.11392405063291139, 0.11392405063291139, 0.12025316455696203, 0.12025316455696203, 0.12658227848101267, 0.12658227848101267, 0.13924050632911392, 0.13924050632911392, 0.14556962025316456, 0.14556962025316456, 0.1518987341772152, 0.1518987341772152, 0.15822784810126583, 0.15822784810126583, 0.16455696202531644, 0.16455696202531644, 0.17088607594936708, 0.17088607594936708, 0.17721518987341772, 0.17721518987341772, 0.18354430379746836, 0.18354430379746836, 0.189873417721519, 0.189873417721519, 0.20253164556962025, 0.20253164556962025, 0.2088607594936709, 0.2088607594936709, 0.21518987341772153, 0.21518987341772153, 0.22151898734177214, 0.22151898734177214, 0.22784810126582278, 0.22784810126582278, 0.23417721518987342, 0.23417721518987342, 0.24050632911392406, 0.24050632911392406, 0.2468354430379747, 0.2468354430379747, 0.25316455696202533, 0.25316455696202533, 0.25949367088607594, 0.25949367088607594, 0.26582278481012656, 0.26582278481012656, 0.2721518987341772, 0.2721518987341772, 0.2721518987341772, 0.2721518987341772, 0.27848101265822783, 0.27848101265822783, 0.2848101265822785, 0.2848101265822785, 0.2911392405063291, 0.2911392405063291, 0.3037974683544304, 0.3037974683544304, 0.33544303797468356, 0.33544303797468356, 0.34177215189873417, 0.34177215189873417, 0.34810126582278483, 0.34810126582278483, 0.35443037974683544, 0.35443037974683544, 0.36075949367088606, 0.36075949367088606, 0.3670886075949367, 0.3670886075949367, 0.37341772151898733, 0.37341772151898733, 0.3860759493670886, 0.3860759493670886, 0.3924050632911392, 0.3924050632911392, 0.3987341772151899, 0.3987341772151899, 0.4050632911392405, 0.4050632911392405, 0.41139240506329117, 0.41139240506329117, 0.4177215189873418, 0.4177215189873418, 0.4240506329113924, 0.4240506329113924, 0.43037974683544306, 0.43037974683544306, 0.4430379746835443, 0.4430379746835443, 0.44936708860759494, 0.44936708860759494, 0.45569620253164556, 0.45569620253164556, 0.4620253164556962, 0.4620253164556962, 0.46835443037974683, 0.46835443037974683, 0.4810126582278481, 0.4810126582278481, 0.4936708860759494, 0.4936708860759494, 0.5, 0.5, 0.5063291139240507, 0.5063291139240507, 0.5126582278481012, 0.5126582278481012, 0.5189873417721519, 0.5189873417721519, 0.5253164556962026, 0.5253164556962026, 0.5316455696202531, 0.5316455696202531, 0.5443037974683544, 0.5443037974683544, 0.5506329113924051, 0.5506329113924051, 0.5569620253164557, 0.5569620253164557, 0.5632911392405063, 0.5632911392405063, 0.569620253164557, 0.569620253164557, 0.5759493670886076, 0.5759493670886076, 0.5822784810126582, 0.5822784810126582, 0.5886075949367089, 0.5886075949367089, 0.5949367088607594, 0.5949367088607594, 0.6012658227848101, 0.6012658227848101, 0.6075949367088608, 0.6075949367088608, 0.620253164556962, 0.620253164556962, 0.6265822784810127, 0.6265822784810127, 0.6582278481012658, 0.6582278481012658, 0.6708860759493671, 0.6708860759493671, 0.6772151898734177, 0.6772151898734177, 0.689873417721519, 0.689873417721519, 0.6962025316455697, 0.6962025316455697, 0.7151898734177216, 0.7151898734177216, 0.7215189873417721, 0.7215189873417721, 0.7341772151898734, 0.7341772151898734, 0.740506329113924, 0.740506329113924, 0.7658227848101266, 0.7658227848101266, 0.7721518987341772, 0.7721518987341772, 0.7784810126582279, 0.7784810126582279, 0.7911392405063291, 0.7911392405063291, 0.8164556962025317, 0.8164556962025317, 0.8354430379746836, 0.8354430379746836, 0.8734177215189873, 0.8734177215189873, 0.879746835443038, 0.879746835443038, 0.8924050632911392, 0.8924050632911392, 0.8987341772151899, 0.8987341772151899, 0.9050632911392406, 0.9050632911392406, 0.930379746835443, 0.930379746835443, 0.9367088607594937, 0.9367088607594937, 0.9683544303797469, 0.9683544303797469, 0.9746835443037974, 0.9746835443037974, 1.0],