{"auroc": 0.7830477288346006, "fpr": [0.0, 0.0, 0.0, 0.006329113924050633, 0.006329113924050633, 0.012658227848101266, 0.012658227848101266, 0.0189873417721519, 0.0189873417721519, 0.03164556962025317, 0.03164556962025317, 0.0379746835443038, 0.0379746835443038, 0.04430379746835443, 0.04430379746835443, 0.05063291139240506, 0.05063291139240506, 0.056962025316455694, 0.056962025316455694, 0.06329113924050633, 0.06329113924050633, 0.06962025316455696, 0.06962025316455696, 0.0759493670886076, 0.0759493670886076, 0.08227848101265822, 0.08227848101265822, 0.08860759493670886, 0.08860759493670886, 0.0949367088607595, 0.0949367088607595, 0.10126582278481013, 0.10126582278481013, 0.10759493670886076, 0.10759493670886076, 0.11392405063291139, 0.11392405063291139, 0.11392405063291139, 0.11392405063291139, 0.12658227848101267, 0.12658227848101267, 0.13924050632911392, 0.13924050632911392, 0.13924050632911392, 0.13924050632911392, 0.14556962025316456, 0.14556962025316456, 0.17088607594936708, 0.17088607594936708, 0.18354430379746836, 0.18354430379746836, 0.1962025316455696, 0.1962025316455696, 0.20253164556962025, 0.20253164556962025, 0.2088607594936709, 0.2088607594936709, 0.21518987341772153, 0.21518987341772153, 0.22784810126582278, 0.22784810126582278, 0.24050632911392406, 0.24050632911392406, 0.2468354430379747, 0.2468354430379747, 0.25316455696202533, 0.25316455696202533, 0.25949367088607594, 0.25949367088607594, 0.26582278481012656, 0.26582278481012656, 0.27848101265822783, 0.27848101265822783, 0.2848101265822785, 0.2848101265822785, 0.2911392405063291, 0.2911392405063291, 0.2974683544303797, 0.2974683544303797, 0.3037974683544304, 0.3037974683544304, 0.310126582278481, 0.310126582278481, 0.31645569620253167, 0.31645569620253167, 0.3291139240506329, 0.3291139240506329, 0.33544303797468356, 0.33544303797468356, 0.34177215189873417, 0.34177215189873417, 0.35443037974683544, 0.35443037974683544, 0.36075949367088606, 0.36075949367088606, 0.3670886075949367, 0.3670886075949367, 0.37341772151898733, 0.37341772151898733, 0.37341772151898733, 0.37341772151898733, 0.379746835443038, 0.379746835443038, 0.3987341772151899, 0.3987341772151899, 0.41139240506329117, 0.41139240506329117, 0.4177215189873418, 0.4177215189873418, 0.43037974683544306, 0.43037974683544306, 0.43670886075949367, 0.43670886075949367, 0.4430379746835443, 0.4430379746835443, 0.45569620253164556, 0.45569620253164556, 0.4620253164556962, 0.4620253164556962, 0.46835443037974683, 0.46835443037974683, 0.47468354430379744, 0.47468354430379744, 0.4936708860759494, 0.4936708860759494, 0.5126582278481012, 0.5126582278481012, 0.5253164556962026, 0.5253164556962026, 0.5316455696202531, 0.5316455696202531, 0.5632911392405063, 0.5632911392405063, 0.569620253164557, 0.569620253164557, 0.5759493670886076, 0.5759493670886076, 0.5822784810126582, 0.5822784810126582, 0.5886075949367089, 0.5886075949367089, 0.5949367088607594, 0.5949367088607594, 0.6075949367088608, 0.6075949367088608, 0.6265822784810127, 0.6265822784810127, 0.6392405063291139, 0.6392405063291139, 0.6518987341772152, 0.6518987341772152, 0.6582278481012658, 0.6582278481012658, 0.6708860759493671, 0.6708860759493671, 0.6835443037974683, 0.6835443037974683, 0.6962025316455697, 0.6962025316455697, 0.7025316455696202, 0.7025316455696202, 0.7151898734177216, 0.7151898734177216, 0.7215189873417721, 0.7215189873417721, 0.7468354430379747, 0.7468354430379747, 0.7911392405063291, 0.7911392405063291, 0.8037974683544303, 0.8037974683544303, 0.8417721518987342, 0.8417721518987342, 0.8860759493670886, 0.8860759493670886, 0.9113924050632911, 0.9113924050632911, 0.9177215189873418, 0.9177215189873418, 0.9367088607594937, 0.9367088607594937, 0.9430379746835443, 0.9430379746835443, 0.9556962025316456, 0.9556962025316456, 0.9683544303797469, 0.9683544303797469, 0.9873417721518988, 0.9873417721518988, 1.0], "tpr": [0.0, 0.0017513134851138354, 0.0070052539404553416, 0.0070052539404553416, 0.01576182136602452, 0.01576182136602452, 0.2714535901926445, 0.2714535901926445, 0.3222416812609457, 0.3222416812609457, 0.3239929947460595, 0.3239929947460595, 0.3309982486865149, 0.3309982486865149, 0.3345008756567426, 0.3345008756567426, 0.35376532399299476, 0.35376532399299476, 0.35901926444833626, 0.35901926444833626, 0.36952714535901926, 0.36952714535901926, 0.38879159369527144, 0.38879159369527144, 0.4168126094570928, 0.4168126094570928, 0.4185639229422067, 0.4185639229422067, 0.5026269702276708, 0.5026269702276708, 0.5043782837127846, 0.5043782837127846, 0.5061295971978984, 0.5061295971978984, 0.51138353765324, 0.51138353765324, 0.5148861646234676, 0.5183887915936952, 0.5253940455341506, 0.5253940455341506, 0.5306479859894921, 0.5306479859894921, 0.5341506129597198, 0.5376532399299475, 0.5499124343257443, 0.5499124343257443, 0.553415061295972, 0.553415061295972, 0.5586690017513135, 0.5586690017513135, 0.5604203152364273, 0.5604203152364273, 0.5674255691768827, 0.5674255691768827, 0.5761821366024519, 0.5761821366024519, 0.6059544658493871, 0.6059544658493871, 0.6094570928196147, 0.6094570928196147, 0.6252189141856392, 0.6252189141856392, 0.6322241681260946, 0.6322241681260946, 0.6462346760070052, 0.6462346760070052, 0.660245183887916, 0.660245183887916, 0.6619964973730298, 0.6619964973730298, 0.6637478108581436, 0.6637478108581436, 0.6690017513134852, 0.6690017513134852, 0.6742556917688266, 0.6742556917688266, 0.6952714535901926, 0.6952714535901926, 0.7040280210157618, 0.7040280210157618, 0.7057793345008757, 0.7057793345008757, 0.7092819614711033, 0.7092819614711033, 0.723292469352014, 0.723292469352014, 0.7408056042031523, 0.7408056042031523, 0.7530647985989493, 0.7530647985989493, 0.7583187390542907, 0.7583187390542907, 0.7600700525394045, 0.7600700525394045, 0.7618213660245184, 0.7618213660245184, 0.7863397548161121, 0.7863397548161121, 0.7880910683012259, 0.7915936952714536, 0.7933450087565674, 0.7933450087565674, 0.8021015761821366, 0.8021015761821366, 0.8073555166374781, 0.8073555166374781, 0.8108581436077058, 0.8108581436077058, 0.8231173380035026, 0.8231173380035026, 0.8266199649737302, 0.8266199649737302, 0.8283712784588442, 0.8283712784588442, 0.830122591943958, 0.830122591943958, 0.8441330998248686, 0.8441330998248686, 0.8476357267950964, 0.8476357267950964, 0.8493870402802102, 0.8493870402802102, 0.8581436077057794, 0.8581436077057794, 0.861646234676007, 0.861646234676007, 0.8739054290718039, 0.8739054290718039, 0.882661996497373, 0.882661996497373, 0.8914185639229422, 0.8914185639229422, 0.8966725043782837, 0.8966725043782837, 0.8984238178633975, 0.8984238178633975, 0.9089316987740805, 0.9089316987740805, 0.9106830122591943, 0.9106830122591943, 0.9124343257443083, 0.9124343257443083, 0.9159369527145359, 0.9159369527145359, 0.9176882661996497, 0.9176882661996497, 0.9211908931698775, 0.9211908931698775, 0.9229422066549913, 0.9229422066549913, 0.9264448336252189, 0.9264448336252189, 0.9281961471103327, 0.9281961471103327, 0.9316987740805605, 0.9316987740805605, 0.9334500875656743, 0.9334500875656743, 0.9352014010507881, 0.9352014010507881, 0.9369527145359019, 0.9369527145359019, 0.9387040280210157, 0.9387040280210157, 0.9439579684763573, 0.9439579684763573, 0.9492119089316988, 0.9492119089316988, 0.9667250437828371, 0.9667250437828371, 0.9737302977232924, 0.9737302977232924, 0.9772329246935202, 0.9772329246935202, 0.978984238178634, 0.978984238178634, 0.9824868651488616, 0.9824868651488616, 0.9842381786339754, 0.9842381786339754, 0.9877408056042032, 0.9877408056042032, 0.9912434325744308, 0.9912434325744308, 0.9947460595446584, 0.9947460595446584, 0.9982486865148862, 0.9982486865148862, 1.0, 1.0], "tpr at fprRate 0.05": [0.3345008756567426, 0.05063291139240506], "tpr at fprRate 0.1": [0.5043782837127846, 0.10126582278481013], "tpr at fprRate 0.2": [0.5674255691768827, 0.20253164556962025]}