{"auroc": 0.8146489614045977, "fpr": [0.0, 0.0, 0.0, 0.006329113924050633, 0.006329113924050633, 0.012658227848101266, 0.012658227848101266, 0.0189873417721519, 0.0189873417721519, 0.02531645569620253, 0.02531645569620253, 0.0379746835443038, 0.0379746835443038, 0.04430379746835443, 0.04430379746835443, 0.05063291139240506, 0.05063291139240506, 0.056962025316455694, 0.056962025316455694, 0.06329113924050633, 0.06329113924050633, 0.06962025316455696, 0.06962025316455696, 0.08227848101265822, 0.08227848101265822, 0.0949367088607595, 0.0949367088607595, 0.0949367088607595, 0.0949367088607595, 0.10126582278481013, 0.10126582278481013, 0.10126582278481013, 0.10126582278481013, 0.10759493670886076, 0.10759493670886076, 0.11392405063291139, 0.11392405063291139, 0.12025316455696203, 0.12025316455696203, 0.12658227848101267, 0.12658227848101267, 0.13291139240506328, 0.13291139240506328, 0.13924050632911392, 0.13924050632911392, 0.1518987341772152, 0.1518987341772152, 0.17088607594936708, 0.17088607594936708, 0.17721518987341772, 0.17721518987341772, 0.18354430379746836, 0.18354430379746836, 0.189873417721519, 0.189873417721519, 0.20253164556962025, 0.20253164556962025, 0.21518987341772153, 0.21518987341772153, 0.22151898734177214, 0.22151898734177214, 0.22784810126582278, 0.22784810126582278, 0.22784810126582278, 0.25316455696202533, 0.25316455696202533, 0.25949367088607594, 0.25949367088607594, 0.2721518987341772, 0.2721518987341772, 0.27848101265822783, 0.27848101265822783, 0.2848101265822785, 0.2848101265822785, 0.2911392405063291, 0.2911392405063291, 0.2974683544303797, 0.2974683544303797, 0.3037974683544304, 0.3037974683544304, 0.310126582278481, 0.310126582278481, 0.31645569620253167, 0.31645569620253167, 0.3291139240506329, 0.3291139240506329, 0.33544303797468356, 0.33544303797468356, 0.34177215189873417, 0.34177215189873417, 0.34810126582278483, 0.34810126582278483, 0.36075949367088606, 0.36075949367088606, 0.37341772151898733, 0.37341772151898733, 0.379746835443038, 0.379746835443038, 0.3924050632911392, 0.3924050632911392, 0.3987341772151899, 0.3987341772151899, 0.41139240506329117, 0.41139240506329117, 0.4177215189873418, 0.4177215189873418, 0.4240506329113924, 0.4240506329113924, 0.43037974683544306, 0.43037974683544306, 0.43670886075949367, 0.43670886075949367, 0.45569620253164556, 0.45569620253164556, 0.46835443037974683, 0.46835443037974683, 0.47468354430379744, 0.47468354430379744, 0.4810126582278481, 0.4810126582278481, 0.4936708860759494, 0.4936708860759494, 0.5, 0.5, 0.5063291139240507, 0.5063291139240507, 0.5126582278481012, 0.5126582278481012, 0.5253164556962026, 0.5253164556962026, 0.5316455696202531, 0.5316455696202531, 0.5379746835443038, 0.5379746835443038, 0.5506329113924051, 0.5506329113924051, 0.5569620253164557, 0.5569620253164557, 0.5632911392405063, 0.5632911392405063, 0.569620253164557, 0.569620253164557, 0.5822784810126582, 0.5822784810126582, 0.5886075949367089, 0.5886075949367089, 0.6012658227848101, 0.6012658227848101, 0.6329113924050633, 0.6329113924050633, 0.6518987341772152, 0.6518987341772152, 0.6582278481012658, 0.6582278481012658, 0.6645569620253164, 0.6645569620253164, 0.6772151898734177, 0.6772151898734177, 0.6835443037974683, 0.6835443037974683, 0.7025316455696202, 0.7025316455696202, 0.7088607594936709, 0.7088607594936709, 0.7215189873417721, 0.7215189873417721, 0.740506329113924, 0.740506329113924, 0.7468354430379747, 0.7468354430379747, 0.7531645569620253, 0.7531645569620253, 0.7658227848101266, 0.7658227848101266, 0.7784810126582279, 0.7784810126582279, 0.7911392405063291, 0.7911392405063291, 0.7974683544303798, 0.7974683544303798, 0.8164556962025317, 0.8164556962025317, 0.8291139240506329, 0.8291139240506329, 0.8417721518987342, 0.8417721518987342, 0.8544303797468354, 0.8544303797468354, 0.8607594936708861, 0.8607594936708861, 0.8734177215189873, 0.8734177215189873, 0.879746835443038, 0.879746835443038, 0.8924050632911392, 0.8924050632911392, 0.8987341772151899, 0.8987341772151899, 0.930379746835443, 0.930379746835443, 0.9430379746835443, 0.9430379746835443, 0.9493670886075949, 0.9493670886075949, 0.9556962025316456, 0.9556962025316456, 1.0],