{"auroc": 0.8474140415438159, "fpr": [0.0, 0.0, 0.0, 0.006329113924050633, 0.006329113924050633, 0.012658227848101266, 0.012658227848101266, 0.0189873417721519, 0.0189873417721519, 0.02531645569620253, 0.02531645569620253, 0.03164556962025317, 0.03164556962025317, 0.0379746835443038, 0.0379746835443038, 0.04430379746835443, 0.04430379746835443, 0.05063291139240506, 0.05063291139240506, 0.056962025316455694, 0.056962025316455694, 0.06329113924050633, 0.06329113924050633, 0.06962025316455696, 0.06962025316455696, 0.06962025316455696, 0.0759493670886076, 0.0759493670886076, 0.08227848101265822, 0.08227848101265822, 0.08860759493670886, 0.08860759493670886, 0.0949367088607595, 0.0949367088607595, 0.10126582278481013, 0.10126582278481013, 0.10759493670886076, 0.10759493670886076, 0.10759493670886076, 0.10759493670886076, 0.11392405063291139, 0.11392405063291139, 0.12025316455696203, 0.12025316455696203, 0.12658227848101267, 0.12658227848101267, 0.13924050632911392, 0.13924050632911392, 0.14556962025316456, 0.14556962025316456, 0.1518987341772152, 0.1518987341772152, 0.15822784810126583, 0.15822784810126583, 0.16455696202531644, 0.16455696202531644, 0.17088607594936708, 0.17088607594936708, 0.17721518987341772, 0.17721518987341772, 0.18354430379746836, 0.18354430379746836, 0.189873417721519, 0.189873417721519, 0.1962025316455696, 0.1962025316455696, 0.20253164556962025, 0.20253164556962025, 0.2088607594936709, 0.2088607594936709, 0.21518987341772153, 0.21518987341772153, 0.22151898734177214, 0.22151898734177214, 0.22784810126582278, 0.22784810126582278, 0.23417721518987342, 0.23417721518987342, 0.24050632911392406, 0.24050632911392406, 0.2468354430379747, 0.2468354430379747, 0.25316455696202533, 0.25316455696202533, 0.26582278481012656, 0.26582278481012656, 0.27848101265822783, 0.27848101265822783, 0.2911392405063291, 0.2911392405063291, 0.2974683544303797, 0.2974683544303797, 0.310126582278481, 0.310126582278481, 0.31645569620253167, 0.31645569620253167, 0.3227848101265823, 0.3227848101265823, 0.3291139240506329, 0.3291139240506329, 0.33544303797468356, 0.33544303797468356, 0.34177215189873417, 0.34177215189873417, 0.34810126582278483, 0.34810126582278483, 0.35443037974683544, 0.35443037974683544, 0.36075949367088606, 0.36075949367088606, 0.36075949367088606, 0.36075949367088606, 0.3670886075949367, 0.3670886075949367, 0.37341772151898733, 0.37341772151898733, 0.3924050632911392, 0.3924050632911392, 0.4050632911392405, 0.4050632911392405, 0.41139240506329117, 0.41139240506329117, 0.4177215189873418, 0.4177215189873418, 0.43037974683544306, 0.43037974683544306, 0.44936708860759494, 0.44936708860759494, 0.45569620253164556, 0.45569620253164556, 0.4620253164556962, 0.4620253164556962, 0.46835443037974683, 0.46835443037974683, 0.47468354430379744, 0.47468354430379744, 0.4936708860759494, 0.4936708860759494, 0.5, 0.5, 0.5063291139240507, 0.5063291139240507, 0.5253164556962026, 0.5253164556962026, 0.5316455696202531, 0.5316455696202531, 0.5379746835443038, 0.5379746835443038, 0.5822784810126582, 0.5822784810126582, 0.5949367088607594, 0.5949367088607594, 0.6012658227848101, 0.6012658227848101, 0.6139240506329114, 0.6139240506329114, 0.620253164556962, 0.620253164556962, 0.6265822784810127, 0.6265822784810127, 0.6392405063291139, 0.6708860759493671, 0.6708860759493671, 0.6835443037974683, 0.6835443037974683, 0.689873417721519, 0.689873417721519, 0.7151898734177216, 0.7151898734177216, 0.7468354430379747, 0.7468354430379747, 0.759493670886076, 0.759493670886076, 0.7658227848101266, 0.7658227848101266, 0.7721518987341772, 0.7721518987341772, 0.7911392405063291, 0.7911392405063291, 0.8481012658227848, 0.8481012658227848, 0.8670886075949367, 0.8670886075949367, 0.9177215189873418, 0.9177215189873418, 0.9240506329113924, 0.9240506329113924, 0.930379746835443, 0.930379746835443, 0.9620253164556962, 0.9620253164556962, 0.9873417721518988, 0.9873417721518988, 0.9936708860759493, 0.9936708860759493, 1.0], "tpr": [0.0, 0.0017513134851138354, 0.21015761821366025, 0.21015761821366025, 0.28896672504378285, 0.28896672504378285, 0.3607705779334501, 0.3607705779334501, 0.5148861646234676, 0.5148861646234676, 0.5183887915936952, 0.5183887915936952, 0.5306479859894921, 0.5306479859894921, 0.542907180385289, 0.542907180385289, 0.5446584938704028, 0.5446584938704028, 0.5621716287215411, 0.5621716287215411, 0.563922942206655, 0.563922942206655, 0.5814360770577933, 0.5814360770577933, 0.5849387040280211, 0.5866900175131349, 0.5866900175131349, 0.5989492119089317, 0.5989492119089317, 0.6199649737302977, 0.6199649737302977, 0.6252189141856392, 0.6252189141856392, 0.6287215411558669, 0.6287215411558669, 0.6304728546409807, 0.6304728546409807, 0.6339754816112084, 0.637478108581436, 0.6392294220665499, 0.6392294220665499, 0.6427320490367776, 0.6427320490367776, 0.647985989492119, 0.647985989492119, 0.649737302977233, 0.649737302977233, 0.6532399299474606, 0.6532399299474606, 0.660245183887916, 0.660245183887916, 0.6690017513134852, 0.6690017513134852, 0.681260945709282, 0.681260945709282, 0.6847635726795096, 0.6847635726795096, 0.6970227670753065, 0.6970227670753065, 0.7057793345008757, 0.7057793345008757, 0.7180385288966725, 0.7180385288966725, 0.7197898423817863, 0.7197898423817863, 0.7215411558669002, 0.7215411558669002, 0.7250437828371279, 0.7250437828371279, 0.7373029772329247, 0.7373029772329247, 0.7460595446584939, 0.7460595446584939, 0.7478108581436077, 0.7478108581436077, 0.7495621716287215, 0.7495621716287215, 0.7583187390542907, 0.7583187390542907, 0.7635726795096323, 0.7635726795096323, 0.7775831873905429, 0.7775831873905429, 0.7793345008756567, 0.7793345008756567, 0.7828371278458844, 0.7828371278458844, 0.7898423817863398, 0.7898423817863398, 0.7950963222416813, 0.7950963222416813, 0.8003502626970228, 0.8003502626970228, 0.8038528896672504, 0.8038528896672504, 0.8143607705779334, 0.8143607705779334, 0.8266199649737302, 0.8266199649737302, 0.8283712784588442, 0.8283712784588442, 0.830122591943958, 0.830122591943958, 0.8318739054290718, 0.8318739054290718, 0.8336252189141856, 0.8336252189141856, 0.8388791593695272, 0.8388791593695272, 0.840630472854641, 0.8441330998248686, 0.8493870402802102, 0.8493870402802102, 0.8546409807355516, 0.8546409807355516, 0.8581436077057794, 0.8581436077057794, 0.8633975481611208, 0.8633975481611208, 0.8669001751313485, 0.8669001751313485, 0.8756567425569177, 0.8756567425569177, 0.8774080560420315, 0.8774080560420315, 0.8844133099824869, 0.8844133099824869, 0.8861646234676007, 0.8861646234676007, 0.8931698774080561, 0.8931698774080561, 0.8949211908931699, 0.8949211908931699, 0.8984238178633975, 0.8984238178633975, 0.9036777583187391, 0.9036777583187391, 0.9071803852889667, 0.9071803852889667, 0.9089316987740805, 0.9089316987740805, 0.9106830122591943, 0.9106830122591943, 0.9141856392294221, 0.9141856392294221, 0.9159369527145359, 0.9159369527145359, 0.9194395796847635, 0.9194395796847635, 0.9299474605954466, 0.9299474605954466, 0.9316987740805605, 0.9316987740805605, 0.9334500875656743, 0.9334500875656743, 0.9352014010507881, 0.9352014010507881, 0.9369527145359019, 0.9369527145359019, 0.9474605954465849, 0.9474605954465849, 0.9474605954465849, 0.9492119089316988, 0.9492119089316988, 0.9509632224168126, 0.9509632224168126, 0.9527145359019265, 0.9527145359019265, 0.9544658493870403, 0.9544658493870403, 0.957968476357268, 0.957968476357268, 0.9632224168126094, 0.9632224168126094, 0.9667250437828371, 0.9667250437828371, 0.968476357267951, 0.968476357267951, 0.9737302977232924, 0.9737302977232924, 0.978984238178634, 0.978984238178634, 0.9859894921190894, 0.9859894921190894, 0.989492119089317, 0.989492119089317, 0.9929947460595446, 0.9929947460595446, 0.9947460595446584, 0.9947460595446584, 0.9964973730297724, 0.9964973730297724, 0.9982486865148862, 0.9982486865148862, 1.0, 1.0], "tpr at fprRate 0.05": [0.5446584938704028, 0.05063291139240506], "tpr at fprRate 0.1": [0.6287215411558669, 0.10126582278481013],