{"auroc": 0.7708328714890599, "fpr": [0.0, 0.0, 0.0, 0.006329113924050633, 0.006329113924050633, 0.012658227848101266, 0.012658227848101266, 0.0189873417721519, 0.0189873417721519, 0.02531645569620253, 0.02531645569620253, 0.03164556962025317, 0.03164556962025317, 0.0379746835443038, 0.0379746835443038, 0.04430379746835443, 0.04430379746835443, 0.056962025316455694, 0.056962025316455694, 0.06329113924050633, 0.06329113924050633, 0.0759493670886076, 0.0759493670886076, 0.08227848101265822, 0.08227848101265822, 0.08860759493670886, 0.08860759493670886, 0.08860759493670886, 0.08860759493670886, 0.08860759493670886, 0.08860759493670886, 0.0949367088607595, 0.0949367088607595, 0.10759493670886076, 0.10759493670886076, 0.11392405063291139, 0.11392405063291139, 0.12025316455696203, 0.12025316455696203, 0.12658227848101267, 0.12658227848101267, 0.13924050632911392, 0.13924050632911392, 0.14556962025316456, 0.14556962025316456, 0.15822784810126583, 0.15822784810126583, 0.17088607594936708, 0.17088607594936708, 0.17721518987341772, 0.17721518987341772, 0.18354430379746836, 0.18354430379746836, 0.189873417721519, 0.189873417721519, 0.1962025316455696, 0.1962025316455696, 0.20253164556962025, 0.20253164556962025, 0.2088607594936709, 0.2088607594936709, 0.21518987341772153, 0.21518987341772153, 0.22151898734177214, 0.22151898734177214, 0.22784810126582278, 0.22784810126582278, 0.23417721518987342, 0.23417721518987342, 0.24050632911392406, 0.24050632911392406, 0.2468354430379747, 0.2468354430379747, 0.25316455696202533, 0.25316455696202533, 0.25949367088607594, 0.25949367088607594, 0.26582278481012656, 0.26582278481012656, 0.2721518987341772, 0.2721518987341772, 0.2848101265822785, 0.2848101265822785, 0.2911392405063291, 0.2911392405063291, 0.2974683544303797, 0.2974683544303797, 0.3037974683544304, 0.3037974683544304, 0.310126582278481, 0.310126582278481, 0.3227848101265823, 0.3227848101265823, 0.3291139240506329, 0.3291139240506329, 0.33544303797468356, 0.33544303797468356, 0.33544303797468356, 0.33544303797468356, 0.34177215189873417, 0.34177215189873417, 0.34810126582278483, 0.34810126582278483, 0.35443037974683544, 0.35443037974683544, 0.37341772151898733, 0.37341772151898733, 0.379746835443038, 0.379746835443038, 0.3860759493670886, 0.3860759493670886, 0.3987341772151899, 0.3987341772151899, 0.4050632911392405, 0.4050632911392405, 0.4240506329113924, 0.4240506329113924, 0.43037974683544306, 0.43037974683544306, 0.43670886075949367, 0.43670886075949367, 0.44936708860759494, 0.44936708860759494, 0.45569620253164556, 0.45569620253164556, 0.4620253164556962, 0.4620253164556962, 0.46835443037974683, 0.46835443037974683, 0.47468354430379744, 0.47468354430379744, 0.4810126582278481, 0.4810126582278481, 0.4936708860759494, 0.4936708860759494, 0.5, 0.5, 0.5063291139240507, 0.5063291139240507, 0.5126582278481012, 0.5126582278481012, 0.5189873417721519, 0.5189873417721519, 0.5253164556962026, 0.5253164556962026, 0.5316455696202531, 0.5316455696202531, 0.5379746835443038, 0.5379746835443038, 0.5506329113924051, 0.5506329113924051, 0.569620253164557, 0.569620253164557, 0.5759493670886076, 0.5759493670886076, 0.5822784810126582, 0.5822784810126582, 0.5886075949367089, 0.5886075949367089, 0.5949367088607594, 0.5949367088607594, 0.6075949367088608, 0.6075949367088608, 0.6139240506329114, 0.6139240506329114, 0.620253164556962, 0.620253164556962, 0.6265822784810127, 0.6265822784810127, 0.6392405063291139, 0.6392405063291139, 0.6518987341772152, 0.6518987341772152, 0.6835443037974683, 0.6835443037974683, 0.689873417721519, 0.689873417721519, 0.6962025316455697, 0.6962025316455697, 0.7088607594936709, 0.7088607594936709, 0.7215189873417721, 0.7215189873417721, 0.7341772151898734, 0.7341772151898734, 0.740506329113924, 0.740506329113924, 0.7531645569620253, 0.7531645569620253, 0.759493670886076, 0.759493670886076, 0.7658227848101266, 0.7658227848101266, 0.7848101265822784, 0.7848101265822784, 0.7911392405063291, 0.7911392405063291, 0.7974683544303798, 0.7974683544303798, 0.8037974683544303, 0.8037974683544303, 0.8354430379746836, 0.8354430379746836, 0.8417721518987342, 0.8417721518987342, 0.8670886075949367, 0.8670886075949367, 0.9050632911392406, 0.9050632911392406, 0.9240506329113924, 0.9240506329113924, 0.930379746835443, 0.930379746835443, 0.9556962025316456, 0.9556962025316456, 0.9620253164556962, 0.9620253164556962, 0.9683544303797469, 0.9683544303797469, 1.0],